{"-1,-1,COP,1": {"E": 7.6101357339382885, "N": 7.536448363313054, "NE": 7.665810027844136, "NW": 9.39625462969659, "PLACE_BARRIER": 7.601185982123468, "S": 7.700117281708264, "SE": 7.434826995102337, "SW": 7.655294892128615, "W": 7.622776883514251}, "-1,-1,THIEF,0": {"S": -3.0}, "-1,-1,THIEF,1": {"E": 2.8426135509430166, "N": 5.85082614117122, "NE": 8.3477221583284, "NW": 8.563884643622822, "S": 4.772422629727792, "SE": 6.011276598896413, "SW": 9.262073627135445, "W": 8.118380530489967}, "-1,0,COP,1": {"E": 9.836193151721456, "N": 9.668129598284537, "NE": 9.887523084424602, "NW": 9.518017532351951, "PLACE_BARRIER": 10.217779503684797, "S": 10.547256215328211, "SE": 10.080012618596184, "SW": 9.617708044437114, "W": 10.318540926947051}, "-1,0,THIEF,1": {"E": 8.700910066850668, "N": 10.10573743732864, "NE": 9.673064763695894, "NW": 9.520310761791972, "S": 0.7794765489367359, "SE": 8.87987447679786, "SW": 6.314049363124347, "W": 8.668814872190143}, "-1,1,COP,1": {"E": 7.417175053475076, "N": 7.969377505630991, "NE": 8.033858813830477, "NW": 8.228746877534853, "PLACE_BARRIER": 7.840306734658407, "S": 8.021869066975768, "SE": 7.207209941046432, "SW": 7.738965535663037, "W": 8.11098205647541}, "-1,1,THIEF,1": {"E": 7.3110577843204165, "N": 6.583444378182346, "NE": 6.0658818803816175, "NW": 7.5095773718132195, "S": 7.579004429404334, "SE": 7.497420824415629, "SW": 6.622259705552139, "W": 8.402104590561125}, "0,-1,COP,0": {"S": -0.3}, "0,-1,COP,1": {"E": 9.297361097136813, "N": 9.061554259367197, "NE": 8.267688896552073, "NW": 9.395182053918925, "PLACE_BARRIER": 8.202708908388566, "S": 9.010830871841263, "SE": 7.994596113240204, "SW": 8.985914662548266, "W": 9.237652556201326}, "0,-1,THIEF,0": {"N": -3.0}, "0,-1,THIEF,1": {"E": 5.6954324459976835, "N": 7.031985862230019, "NE": 8.96197573182492, "NW": 7.937859095085062, "S": 7.135113105458471, "SE": 6.753433036689603, "SW": 6.489018130302932, "W": 8.17600625284176}, "0,1,COP,1": {"E": 10.6189496470299, "N": 11.062095392655921, "NE": 8.944154239619163, "NW": 10.970656554470061, "PLACE_BARRIER": 10.527443747278898, "S": 10.844882241187106, "SE": 10.869328407350471, "SW": 10.25162880506397, "W": 10.762785757574449}, "0,1,THIEF,1": {"E": 10.198248050554676, "N": 9.546582708766222, "NE": 9.958788306556771, "NW": 10.01177651455726, "S": 8.411430161668456, "SE": 8.788563058028458, "SW": 8.865662706473163, "W": 7.156356766681631}, "1,-1,COP,0": {"S": -0.3, "SE": -0.3}, "1,-1,COP,1": {"E": 6.689391256479474, "N": 6.588377503807984, "NE": 6.590910198301715, "NW": 7.039454836696369, "PLACE_BARRIER": 6.8859988891684285, "S": 7.1022983492934335, "SE": 6.924166532777258, "SW": 6.918828278028433, "W": 6.810118536667835}, "1,-1,THIEF,0": {"E": -0.3, "N": -0.3, "S": -0.3}, "1,-1,THIEF,1": {"E": 5.441879742164906, "N": 6.39800260579995, "NE": 5.260596034016094, "NW": 6.850417962705637, "S": 4.682306751958389, "SE": 5.3059550667758755, "SW": 4.5284136739168, "W": 6.555817052323809}, "1,0,COP,0": {"N": -0.3}, "1,0,COP,1": {"E": 9.134917948523366, "N": 8.347268905298689, "NE": 7.989950660371557, "NW": 9.01115197689556, "PLACE_BARRIER": 8.555207341409476, "S": 8.782059171965189, "SE": 8.83756480885302, "SW": 8.390373404586116, "W": 9.14974284617678}, "1,0,THIEF,0": {"N": -3.0, "S": -0.3}, "1,0,THIEF,1": {"E": 6.603233482152325, "N": 7.378590653761187, "NE": 6.531236274689936, "NW": 5.061671858450415, "S": 8.427478998155776, "SE": 6.986430202976471, "SW": 7.873571110187158, "W": 6.854516931485737}, "1,1,COP,1": {"E": 6.23098049250723, "N": 5.182510973683074, "NE": 5.3710179802000315, "NW": 5.617436925432079, "PLACE_BARRIER": 4.997810262807934, "S": 5.188167612904809, "SE": 5.005800596200366, "SW": 5.456707919428004, "W": 5.755557888525477}, "1,1,THIEF,1": {"E": 4.913440292757256, "N": 3.854184153177897, "NE": 3.4673290780579684, "NW": 4.409606774449625, "S": 5.609992116418639, "SE": 5.421199077182472, "SW": 5.0479545682661335, "W": 5.565498432569659}}